<?xml version="1.0" encoding="UTF-8"?>

<!DOCTYPE mapper PUBLIC "-//mybatis.org//DTD Mapper 3.0//EN" 
"http://mybatis.org/dtd/mybatis-3-mapper.dtd">

<mapper namespace="memberDao">


	
	
	<!-- 여기까지 -->
	
	<!-- SELECT -->
	<select id="select" parameterType="int" resultType="memberVo">
		SELECT * FROM
		MEMBER WHERE seq = #{seq}
	</select>
	
	<!-- INSERT -->
	<insert id="insert" parameterType="memberVo">
		INSERT INTO MEMBER (ID, PASSWORD, NICKNAME, EMAIL, BIRTH_YEAR, BIRTH, GENDER, ADMIN) 
		values(	#{}, #{}, #{}, #{}, #{}, #{}, 0)
		
		
		<!-- 추후에 지우기 
		  <selectKey keyProperty="seq" resultType="Integer">
			SELECT NVL(MAX(seq), 0) FROM BOARD
		</selectKey>
		
		 -->
		 
	</insert>
	
	
	<!-- COUNT -->
	<select id="count" resultType="Integer">
		select count(*) from "MEMBER"
	</select>
	
	
	<!-- UPDATE -->	
	<update id="update" parameterType="boardVO">
		UPDATE BOARD SET title = #{title},
		content = #{content},
		writer = #{writer}
		WHERE seq = #{seq} AND password = #{password}
	</update>
	
	<update id="updateCount" parameterType="int">
		UPDATE BOARD SET cnt = cnt + 1 WHERE seq = #{seq}
	</update>


	<!--  DELETE -->
	<delete id="delete" parameterType="boardVO">
		DELETE FROM BOARD WHERE seq = #{seq} AND password = #{password}
	</delete>

	<delete id="deleteAll">
		DELETE FROM BOARD
	</delete>
	
</mapper>