<?xml version="1.0" encoding="UTF-8"?>

<beans xmlns="http://www.springframework.org/schema/beans" xmlns:xsi="http://www.w3.org/2001/XMLSchema-instance"
	xmlns:mvc="http://www.springframework.org/schema/mvc" xmlns:context="http://www.springframework.org/schema/context"
	xsi:schemaLocation="http://www.springframework.org/schema/mvc http://www.springframework.org/schema/mvc/spring-mvc.xsd
		http://www.springframework.org/schema/beans http://www.springframework.org/schema/beans/spring-beans.xsd
		http://www.springframework.org/schema/context http://www.springframework.org/schema/context/spring-context.xsd">

    
         <context:component-scan
            base-package="pack"/>
            
            <bean id ="mailSender" class="org.springframework.mail.javamail.JavaMailSenderImpl">
            	<property name="host" value="smtp.gmail.com"/> <!-- smtp 서버명 -->
            	<property name="port" value="587"/> <!-- 포트 번호 -->
            	<property name="username" value="emailsendtest93@gmail.com"/> <!-- id(일반적인 id가 아니니 확인 필요) -->
            	<property name="password" value="awcimbueyxreggse"/> <!-- 비밀번호 -->
            	<property name="javaMailProperties">
            		<props>
            			<prop key="mail.smtp.starttls.enable">true</prop>
            		</props>
            	</property>
            </bean>


    <mvc:annotation-driven />

	<bean class="org.springframework.web.servlet.view.InternalResourceViewResolver">
	        <!-- Example: a logical view name of 'showMessage' is mapped to '/WEB-INF/jsp/showMessage.jsp' -->
	        <property name="prefix" value="/WEB-INF/view/"/>
	        <property name="suffix" value=".jsp"/>
	</bean>

</beans>
