<?xml version="1.0" encoding="UTF-8"?>
<!DOCTYPE configuration 
    PUBLIC "-//mybatis.org//DTD Config 3.0//EN"
    "http://mybatis.org/dtd/mybatis-3-config.dtd">
    <configuration>
 
 	<!--  마이바티스 설정 -->
	
	
	
	
	<settings>
		<setting name="cacheEnabled" value="false"/>
		<setting name="useGeneratedKeys" value="false"/>
		<setting name="mapUnderscoreToCamelCase" value="true"/>
	</settings>
	
 

 
 			 <typeAliases>
            <typeAlias type="org.project.regist.vo.MemberVo" alias="memberVo"/>
        </typeAliases>
        





        
    </configuration>
    
